Emotion Macro F1,Emotion Micro F1,Emotion Accuracy
0.4020906021406429,0.4954954954954955,0.4954954954954955
