Emotion Macro F1,Emotion Micro F1,Emotion Accuracy
0.37311710423081446,0.5799011532125206,0.5799011532125206
