Aspect F1,Polarity F1,Emotion F1,Emotion Micro,Full ABSA Acc
0.4361728742533696,0.4019313744016125,0.37068844779291027,0.3805309734513274,0.3008849557522124
