Aspect F1,Polarity F1,Emotion F1,Emotion Micro,Full ABSA Acc
0.3862997776979154,0.47084377610693395,0.21249786313828062,0.3333333333333333,0.22522522522522523
