Aspect F1,Polarity F1,Emotion F1,Emotion Micro,Full ABSA Acc
0.4313853209337395,0.4146273996025829,0.23295765844128277,0.29398148148148145,0.21064814814814814
