Aspect F1,Polarity F1,Emotion F1,Emotion Micro,Full ABSA Acc
0.43464112974664587,0.4323887586502265,0.24749527880051242,0.29654036243822074,0.21746293245469522
